Name,Matches,Innings,Not_Outs,Runs,High_Score,Average,No_Of_100,No_Of_50,Strike_Rate,Catches_Taken,Stumpings,Runs/Innings,Rating,ScaledRating,LogRating
C H Gayle,256,251,34,9120,175,42.02,17,57,150.34,64,NA,36.3346613546,188036.281596219,20.82,5.2742416545
V Kohli,204,192,38,6446,113,41.85,4,46,133.01,89,NA,33.5729166667,121996.950233521,18.69,5.086348974
B J Hodge,256,242,55,6997,106,37.41,2,46,131.72,96,NA,28.9132231405,116714.787000167,18.48,5.0671258818
D A Warner,220,219,22,6868,135,34.86,5,54,143.68,96,NA,31.3607305936,110581.514307306,18.24,5.0436825329
K A Pollard,312,279,84,6095,89,31.25,0,30,152.71,177,NA,21.8458781362,104085.822365588,17.96,5.0173915779
S K Raina,242,228,37,6326,109,33.12,3,36,139,124,NA,27.7456140351,98915.605369307,17.73,4.9952648132
Shoaib Malik,233,221,63,5995,95,37.94,0,37,123.5,92,NA,27.1266968326,94769.1744094845,17.55,4.9766670972
B B McCullum,236,233,22,6671,158,31.61,7,32,137.12,96,14,28.6309012876,93717.8466624584,17.5,4.9718223013
R G Sharma,234,223,38,6137,109,33.17,3,42,131.16,91,NA,27.5201793722,89652.8242895528,17.3,4.9525639755
M S Dhoni,240,216,86,4884,73,37.56,0,18,135.93,122,59,22.6111111111,88659.2441855565,17.26,4.9477240246
L J Wright,246,227,24,5854,153,28.83,6,28,147.15,83,NA,25.7885462555,86122.5450022405,17.13,4.9351168552
A B de Villiers,210,195,38,5156,133,32.84,3,32,144.3,151,16,26.441025641,84200.9613311184,17.03,4.9253170499
D J Hussey,258,243,48,5960,100,30.56,1,31,133.06,125,NA,24.5267489712,82339.9387186789,16.94,4.9156105394
J P Duminy,210,197,62,5137,99,38.05,0,33,122.28,79,NA,26.076142132,81530.9877374036,16.9,4.9113227038
S E Marsh,135,133,18,4703,115,40.89,2,36,129.2,51,NA,35.3609022556,80702.4480273394,16.85,4.9068867088
R N ten Doeschate,270,239,53,5485,121,29.48,2,23,136.81,106,NA,22.949790795,79971.9702074035,16.82,4.9029377955
D A Miller,203,185,58,4506,101,35.48,1,22,138.13,132,NA,24.3567567568,77542.0178271336,16.69,4.8895370982
O A Shah,230,217,49,5509,84,32.79,0,30,125.06,73,NA,25.3870967742,76621.5077754001,16.64,4.8843506939
M J Guptill,161,156,18,4854,120,35.17,2,31,128.54,98,NA,31.1153846154,72470.5724551989,16.41,4.8601616919
M E K Hussey,150,141,26,4404,116,38.29,1,34,125.75,70,NA,31.2340425532,72187.631897892,16.39,4.8584627951
K P Pietersen,159,154,23,4551,115,34.74,3,26,136.13,56,NA,29.5519480519,71107.7400253556,16.33,4.8519168759
A J Finch,156,152,15,4686,156,34.2,2,34,133.42,61,NA,30.8289473684,70223.1513983521,16.28,4.8464803154
S R Watson,196,189,22,5014,124,30.02,3,30,139.08,59,NA,26.5291005291,69471.0631332964,16.23,4.841803945
D R Smith,255,248,22,5966,110,26.39,3,35,127.99,117,NA,24.0564516129,66303.6071562879,16.05,4.8215371562
R V Uthappa,198,192,20,5059,92,29.41,0,26,132.74,96,32,26.3489583333,65174.1621978976,15.98,4.8140754571
L R Taylor,215,200,44,4679,111,29.99,1,24,134.18,100,NA,23.395,64770.275013232,15.95,4.8113757411
C L White,207,198,43,4737,141,30.56,2,31,127.99,86,NA,23.9242424242,61985.1857823483,15.78,4.7922879072
K C Sangakkara,190,184,18,4957,94,29.86,0,29,126.55,108,47,26.9402173913,61895.1511806857,15.77,4.7916566281
G Gambhir,211,207,19,5382,93,28.62,0,44,120.78,42,NA,26,60683.47414272,15.7,4.7830704363
D P M Jayawardene,200,193,24,4854,110,28.72,2,34,130.02,74,NA,25.1502590674,60105.8902802259,15.66,4.7789170342
Y K Pathan,213,191,47,4092,100,28.41,1,19,144.49,69,NA,21.4240837696,59943.3298528303,15.65,4.7777408643
D J J Bravo,308,258,71,4798,70,25.65,0,17,125.24,158,NA,18.5968992248,58880.5232657664,15.58,4.7699716609
T M Dilshan,219,215,25,5188,104,27.3,1,34,122.85,79,3,24.1302325581,56714.4086988466,15.43,4.7536934085
R E Levi,156,150,11,4034,117,29.02,3,27,143.55,41,NA,26.8933333333,55926.7801297227,15.38,4.7476198164
L M P Simmons,168,166,17,4674,100,31.36,1,36,115.95,67,NA,28.156626506,55041.0470658613,15.32,4.740686687
Q de Kock,120,114,10,3531,126,33.95,3,18,135.49,69,20,30.9736842105,54710.5539384799,15.29,4.738071112
J A Morkel,287,231,85,3767,73,25.8,0,11,137.93,62,NA,16.3073593074,53295.9192746057,15.19,4.7266939575
M Klinger,111,109,18,3412,126,37.49,5,19,125.62,34,NA,31.3027522936,52363.6258601939,15.13,4.7190297112
V Sehwag,159,157,6,4061,122,26.89,2,24,147.83,42,NA,25.8662420382,52315.914200044,15.12,4.7186338188
M J Lumb,204,203,11,4700,124,24.47,1,25,138.19,67,NA,23.1527093596,51108.43139845,15.04,4.708492552
R S Bopara,221,205,38,4540,105,27.18,1,24,119.37,67,NA,22.1463414634,50814.6443214338,15.01,4.7059888901
S Dhawan,160,159,19,4299,95,30.7,0,32,119.38,62,NA,27.0377358491,50735.2998932135,15.01,4.7053102318
J H Kallis,176,171,28,4416,97,30.88,0,32,112.45,54,NA,25.8245614035,50504.7646782706,14.99,4.7033323519
A C Voges,159,148,30,3691,82,31.27,0,16,126.05,65,NA,24.9391891892,50014.987395946,14.95,4.6991001637
A M Sagar,227,206,46,4088,106,25.55,2,18,135.36,45,NA,19.8446601942,49854.0853010032,14.94,4.6977007524
J E C Franklin,184,165,41,3709,90,29.91,0,14,125.85,62,NA,22.4787878788,49820.7571416705,14.94,4.6974103234
S B Styris,201,186,30,4020,106,25.76,2,13,134.58,47,NA,21.6129032258,48193.1737120889,14.82,4.6829855273
Yuvraj Singh,187,176,23,4047,83,26.45,0,23,131.05,43,NA,22.9943181818,47695.2163454623,14.78,4.6784748231
E J G Morgan,191,178,25,4001,85,26.15,0,18,129.06,88,NA,22.4775280899,46365.5321443671,14.67,4.6661952486
A D Russell,206,168,45,2948,77,23.96,0,12,165.99,89,NA,17.5476190476,46004.9046375729,14.65,4.6628041348
M K Niazi,138,122,32,3067,107,34.07,1,11,118.69,56,NA,25.1393442623,44892.0329941544,14.56,4.6521692734
A M Rahane,141,135,16,3671,103,30.84,1,30,118.49,61,NA,27.1925925926,44834.8556493776,14.55,4.6516157758
F du Plessis,156,142,16,3570,119,28.33,1,20,125.52,69,NA,25.1408450704,44628.6709334135,14.53,4.6496139535
J C Buttler,155,137,32,2900,72,27.61,0,15,146.02,80,16,21.1678832117,42328.9853174146,14.34,4.626637858
Mohammad Hafeez,196,187,14,4174,102,24.12,2,25,124.55,63,NA,22.320855615,42056.9644352846,14.32,4.6238379232
K K K D Karthik,199,175,22,3682,90,24.06,0,18,127.62,121,44,21.04,41139.8925917184,14.24,4.6142631535
M N Samuels,127,125,26,3198,106,32.3,2,22,119.41,34,NA,25.584,40101.9384749568,14.15,4.6031653664
H H Gibbs,171,167,13,3895,101,25.29,1,28,123.22,76,NA,23.3233532934,39771.0551630147,14.12,4.5995671134
Kamran Akmal,174,158,16,3517,105,24.76,1,23,127.24,102,77,22.2594936709,39047.1021646665,14.06,4.5915888087
J D Ryder,121,118,7,2959,107,26.65,1,21,149.14,37,NA,25.0762711864,38591.3222144188,14.02,4.5864896586
M Vijay,150,148,5,3684,127,25.76,2,20,121.82,61,NA,24.8918918919,37494.15732585,13.92,4.5739635974
M N van Wyk,115,111,14,2982,114,30.74,1,19,122.26,80,19,26.8648648649,37155.2966957459,13.88,4.5700207336
G J Maxwell,161,152,14,3089,95,22.38,0,16,152.92,75,NA,20.3223684211,35832.2885099446,13.76,4.5542745462
A Symonds,93,85,19,2141,117,32.43,2,12,147.14,42,NA,25.1882352941,35769.1293203552,13.75,4.5535083688
S R Tendulkar,96,96,11,2797,100,32.9,1,16,121.13,28,NA,29.1354166667,35668.9282208408,13.74,4.5522900599
S P D Smith,140,121,29,2652,101,28.82,1,8,126.04,80,NA,21.9173553719,35667.1603618896,13.74,4.5522685344
S M Katich,118,101,19,2483,75,30.28,0,10,126.55,47,NA,24.5841584158,35571.7598540705,13.73,4.5511053517
G J Bailey,139,124,32,2613,71,28.4,0,14,133.38,55,NA,21.0725806452,35505.1667186201,13.73,4.5502915563
Shahid Afridi,215,190,25,3152,80,19.1,0,8,155.5,59,NA,16.5894736842,33898.8376252417,13.57,4.5301848067
H M Amla,94,93,9,2603,97,30.98,0,17,126.29,29,NA,27.9892473118,32939.683970183,13.47,4.5177194281
A T Rayudu,157,147,21,3135,81,24.88,0,17,122.89,66,3,21.3265306122,32759.4620412698,13.45,4.5153367614
A C Gilchrist,102,102,5,2622,109,27.03,3,13,140.28,74,22,25.7058823529,31814.453583309,13.36,4.5026244686
S S Tiwary,119,102,27,2273,69,30.3,0,10,121.87,45,NA,22.2843137255,31335.4288912138,13.3,4.4960356433
M K Pandey,138,130,18,2902,114,25.91,1,13,117.29,69,2,22.3230769231,29957.9105560039,13.16,4.4765115198
C Munro,112,99,19,2118,89,26.47,0,10,145.56,30,NA,21.3939393939,29543.0106055602,13.11,4.4704547504
W P Saha,146,123,27,2383,115,24.82,1,12,130.64,76,24,19.3739837398,29349.432888305,13.09,4.4675997139
M K Tiwary,124,109,28,2399,75,29.61,0,11,113.32,65,NA,22.0091743119,29303.5601401539,13.08,4.4669203867
G C Smith,86,86,6,2389,105,29.86,1,11,123.08,37,NA,27.7790697674,28095.9304421977,12.95,4.448643419
S A Hasan,196,180,29,3133,86,20.74,0,13,123.98,56,NA,17.4055555556,28070.7698538246,12.94,4.4482543235
R Dravid,109,101,7,2586,75,27.51,0,13,113.87,23,NA,25.603960396,27975.8656751662,12.93,4.4467835341
S Badrinath,137,105,29,2132,71,28.05,0,13,111.5,27,NA,20.3047619048,27840.4454491951,12.92,4.4446761797
P A Patel,156,153,11,3173,82,22.34,0,17,120,91,23,20.7385620915,27753.4918776427,12.91,4.4433176328
A D Mathews,141,120,34,2266,81,26.34,0,8,121.82,51,NA,18.8833333333,27338.9679741597,12.86,4.4367821162
F Behardien,118,97,32,1888,72,29.04,0,6,123.56,46,NA,19.4639175258,26371.6165873056,12.74,4.421136753
C A Ingram,108,105,10,2433,96,25.61,0,14,128.52,36,NA,23.1714285714,26357.6592414395,12.74,4.420906839
M L Hayden,50,50,5,1632,93,36.26,0,13,136.91,18,NA,32.64,25925.85590784,12.69,4.413733103
D J Harris,78,73,7,1965,108,29.77,1,9,127.51,29,NA,26.9178082192,25503.9445799221,12.64,4.406607356
M C Henriques,134,118,25,2292,77,24.64,0,8,123.89,62,NA,19.4237288136,25425.1977315461,12.63,4.4052643391
A B McDonald,93,81,26,1743,96,31.69,0,11,124.41,33,NA,21.5185185185,25247.7583224316,12.61,4.4022228244
S T Jayasuriya,111,109,7,2317,114,22.71,1,12,140.08,21,NA,21.2568807339,24019.5994169503,12.45,4.3805657603
R R Rossouw,86,84,6,2089,78,26.78,0,12,129.91,35,NA,24.869047619,23810.0736582096,12.42,4.3767607389
C A Lynn,68,63,9,1592,101,29.48,1,10,143.03,24,NA,25.2698412698,23185.4763400967,12.34,4.3652160228
D J G Sammy,202,169,48,2308,60,19.07,0,2,136.64,81,NA,13.6568047337,23002.7094599636,12.32,4.361778994
A C Blizzard,94,90,10,2023,89,25.28,0,10,133.26,26,NA,22.4777777778,22777.6063884172,12.29,4.3575080838
M Y Khan,83,78,17,1864,71,30.55,0,10,117.3,34,NA,23.8974358974,22745.1393919658,12.28,4.3568886027
K S Williamson,96,89,10,2087,101,26.41,1,11,118.57,43,NA,23.4494382022,22557.8069091645,12.26,4.3532968749
D T Christian,164,141,29,2276,129,20.32,1,6,129.46,68,NA,16.1418439716,22284.6736154077,12.22,4.3480062777
R A Jadeja,181,129,39,1887,48,20.96,0,0,121.66,63,NA,14.6279069767,21604.779264411,12.12,4.3345498335
T R Birt,109,105,9,2188,94,22.79,0,9,129.08,41,NA,20.8380952381,21381.4806654342,12.09,4.3300377768
I K Pathan,163,127,49,1796,60,23.02,0,1,123.35,40,NA,14.1417322835,20945.207501558,12.03,4.3210846672
J M Kemp,101,80,29,1451,89,28.45,0,4,124.44,47,NA,18.1375,20753.48572872,12,4.3170910507
M Singh,99,87,14,1837,77,25.16,0,8,122.79,39,NA,21.1149425287,20665.6330112093,11.99,4.3152487127
N L T Perera,169,139,41,1907,72,19.45,0,2,142.95,66,NA,13.7194244604,20628.9128478949,11.98,4.3144763411
U T Khawaja,53,52,5,1523,109,32.4,2,8,125.04,17,NA,29.2884615385,20124.0961122726,11.91,4.3037163828
C H Morris,117,64,32,835,82,26.09,0,1,156.07,46,NA,13.046875,19890.048908925,11.88,4.298635851
S V Samson,91,86,10,1937,87,25.48,0,13,118.32,55,6,22.523255814,19773.344129946,11.86,4.2960801248
N V Ojha,141,130,19,2276,94,20.5,0,10,119.09,92,20,17.5076923077,19285.3334651162,11.78,4.2852271527
B J Rohrer,85,72,20,1396,64,26.84,0,3,133.33,26,NA,19.3888888889,18872.620913433,11.72,4.2758322165
C K Kapugedera,106,95,11,1811,96,21.55,0,6,131.23,44,1,19.0631578947,18286.5211209415,11.63,4.2621310919
R E van der Merwe,146,106,24,1604,89,19.56,0,8,127.5,54,NA,15.1320754717,17631.1389464173,11.52,4.246280368
D J Jacobs,83,80,14,1709,74,25.89,0,8,117.69,39,8,21.3625,17288.278884108,11.47,4.2377517597
M V Boucher,90,76,27,1378,60,28.12,0,4,115.5,48,16,18.1315789474,16959.9830400295,11.41,4.2294254136
J Botha,184,134,45,1747,67,19.62,0,2,112.13,80,NA,13.0373134328,16887.9421704324,11.4,4.2275767331
B M A J Mendis,111,94,19,1658,67,22.1,0,2,121.46,32,NA,17.6382978723,16817.2577398083,11.39,4.2257551802
Harbhajan Singh,209,125,44,1341,78,16.55,0,2,138.81,64,NA,10.728,16482.9059885952,11.33,4.2170337816
T L Suman,75,72,9,1546,100,24.53,1,5,125.69,21,NA,21.4722222222,15888.6321073169,11.23,4.2010865093
A P Tare,65,57,9,1278,71,26.62,0,6,127.29,17,15,22.4210526316,15802.3497872991,11.21,4.1987216707
S C Ganguly,77,73,4,1726,91,25.01,0,8,107,28,NA,23.6438356164,15590.3585814542,11.17,4.1928561042
E R Dwivedi,40,32,11,789,89,37.57,0,3,131.28,21,8,24.65625,15565.9903776,11.17,4.1921767576
J P Faulkner,132,98,42,1258,73,22.46,0,1,127.71,40,NA,12.8367346939,15552.9627471162,11.17,4.1918131318
P D Collingwood,119,104,10,1820,79,19.36,0,7,120.37,36,NA,17.5,15529.5403648,11.16,4.1911586019
J R Hopes,93,79,14,1468,71,22.58,0,10,124.09,22,NA,18.582278481,15495.0368466851,11.16,4.1901926133
M A Agarwal,79,74,5,1568,111,22.72,1,8,127.16,33,NA,21.1891891892,15475.6982994414,11.15,4.1896502545
B J Haddin,78,73,12,1468,76,24.06,0,9,125.14,49,17,20.1095890411,15112.6126147362,11.09,4.1793395501
R Bhatia,137,87,36,1133,107,22.21,1,1,118.51,40,NA,13.0229885057,15027.4315831769,11.07,4.1768847594
M Vohra,57,55,4,1349,77,26.45,0,6,126.78,21,NA,24.5272727273,15002.0468703003,11.07,4.176150518
Y V Rao,83,71,12,1390,71,23.55,0,7,121.71,16,NA,19.5774647887,14903.9606798627,11.05,4.1733016961
K L Rahul,53,44,8,1050,68,29.16,0,7,123.09,19,4,23.8636363636,14526.8938079779,10.98,4.1621727618
K M Jadhav,81,74,22,1248,63,24,0,6,138.35,30,4,16.8648648649,14514.7068194897,10.98,4.161808268
D Wiese,119,81,33,990,71,20.62,0,3,150.91,37,NA,12.2222222222,14482.8420899292,10.97,4.1608537955
Salman Butt,52,51,5,1337,99,29.06,0,7,113.88,8,NA,26.2156862745,14436.3572747993,10.96,4.1594576216
Sohail Tanvir,214,136,38,1521,60,15.52,0,2,121,42,NA,11.1838235294,14382.3927642202,10.95,4.1578311446
M R Marsh,59,52,14,1110,77,29.21,0,5,120.26,22,NA,21.3461538462,14157.1026679691,10.91,4.1509743816
T D Paine,63,58,2,1341,87,23.94,0,8,124.16,39,12,23.1206896552,13854.7011400552,10.85,4.141597162
L A Pomersbach,56,54,7,1229,112,26.14,1,5,129.91,21,NA,22.7592592593,13849.8252715863,10.85,4.1414442944
N L McCullum,173,135,37,1618,76,16.51,0,4,125.91,72,NA,11.9851851852,13792.6630738517,10.84,4.1396481274
A Srikkanth,65,56,10,1175,77,25.54,0,7,123.42,28,NA,20.9821428571,13756.8692485433,10.83,4.1385196096
A D Mascarenhas,130,100,29,1356,57,19.09,0,3,127.32,30,NA,13.56,13710.572149248,10.82,4.1370555785
N K Patel,37,34,6,957,96,34.17,0,6,119.17,14,NA,28.1470588235,13570.5247444658,10.79,4.1325966413
C J Anderson,72,57,9,1097,95,22.85,0,4,133.29,35,NA,19.2456140351,13505.106676556,10.78,4.130498019
T Henderson,84,74,10,1289,85,20.14,0,7,143.06,10,NA,17.4189189189,13490.5031886729,10.78,4.1300281489
J L Langer,41,38,2,1015,97,28.19,0,5,136.42,8,NA,26.7105263158,13476.8812528053,10.77,4.1295894017
J D S Neesham,60,45,15,820,59,27.33,0,2,137.81,21,NA,18.2222222222,13177.1937535839,10.71,4.1198229317
S Chanderpaul,81,78,11,1576,87,23.52,0,8,105.7,24,NA,20.2051282051,13019.9378865049,10.68,4.1146089124
L P C Silva,65,62,8,1321,110,24.46,1,3,119.98,26,NA,21.3064516129,13005.8809208755,10.68,4.1141397734
L Ronchi,101,89,14,1385,76,18.46,0,3,139.75,69,24,15.5617977528,12975.2170687566,10.67,4.1131146321
S A Asnodkar,63,63,3,1410,71,23.5,0,11,121.55,21,NA,22.380952381,12888.1896000274,10.65,4.1101919164
H H Pandya,65,50,10,1002,86,25.05,0,5,122.64,32,NA,20.04,12805.62925824,10.64,4.1074009242
S T R Binny,106,80,23,1136,49,19.92,0,0,127.49,27,NA,14.2,12232.342797312,10.52,4.0875096432
M D K Perera,71,68,4,1352,84,21.12,0,10,127.18,26,14,19.8823529412,12133.5767184708,10.5,4.0839888404
M Ashraful,64,60,4,1300,103,23.21,1,4,117.54,21,NA,21.6666666667,12105.5041536186,10.49,4.0829828811
G R Napier,126,92,17,1177,152,15.69,1,0,149.17,38,NA,12.7934782609,12072.9552885365,10.48,4.0818135923
R McLaren,154,108,45,1231,51,19.53,0,2,109.81,58,NA,11.3981481481,12046.1739838958,10.48,4.0808491314
K K Nair,64,58,8,1179,83,23.58,0,8,122.3,17,NA,20.3275862069,12005.6594926365,10.47,4.0793860216
S W Billings,74,70,8,1316,61,21.22,0,6,124.03,51,5,18.8,11716.871596544,10.4,4.0688116706
M C Juneja,38,36,8,871,108,31.1,1,3,126.04,18,NA,24.1944444444,11532.3552632677,10.36,4.0619180127
M S Wade,81,65,14,1106,80,21.68,0,5,120.21,46,7,17.0153846154,11494.1442334036,10.35,4.0604766425
A M Nayar,88,75,18,1193,79,20.92,0,2,122.35,21,NA,15.9066666667,11465.0904323654,10.35,4.0593774846
N J Maddinson,51,50,4,1101,85,23.93,0,6,131.85,8,NA,22.02,11338.622639712,10.32,4.0545603018
B R Dunk,62,59,2,1255,96,22.01,0,6,121.25,35,3,21.2711864407,11262.5095389947,10.3,4.0516351718
S A Yadav,80,66,21,1002,60,22.26,0,2,129.45,41,NA,15.1818181818,11199.3022603502,10.29,4.0491909661
I R Jaggi,45,44,10,1011,108,29.73,1,4,112.83,13,NA,22.9772727273,11098.9135469586,10.26,4.0452804685
K V Sharma,90,62,19,911,67,21.18,0,2,123.1,17,NA,14.6935483871,11033.2430152282,10.25,4.0427031839
P P Chawla,179,107,36,1084,45,15.26,0,0,124.16,47,NA,10.1308411215,10994.734622438,10.24,4.0411847514
C J Ferguson,68,62,7,1190,71,21.63,0,6,117.24,33,NA,19.1935483871,10591.232263434,10.14,4.0249464921
D B Das,55,42,17,697,78,27.88,0,2,129.31,17,NA,16.5952380952,10529.8221666806,10.13,4.0224210366
P Dogra,58,56,11,1137,93,25.26,0,6,110.6,35,NA,20.3035714286,10527.8304672148,10.13,4.0223388828
B C J Cutting,58,46,15,720,42,23.22,0,0,155.84,24,NA,15.652173913,10512.2042746143,10.13,4.0216937916
M Manhas,86,67,17,1102,52,22.04,0,1,104.75,25,NA,16.447761194,10450.1095488766,10.11,4.0191208432
R Dhawan,67,51,21,822,65,27.4,0,2,110.33,15,NA,16.1176470588,10446.4950655848,10.11,4.0189706035
S P Fleming,53,53,3,1157,64,23.14,0,6,121.91,13,NA,21.8301886792,10444.4607737383,10.11,4.0188860232
R J Peterson,139,97,22,1231,72,16.41,0,3,111.6,30,NA,12.6907216495,10337.6987646806,10.08,4.0144238729
M Bisla,65,64,3,1324,92,21.7,0,6,110.7,40,15,20.6875,10336.62357,10.08,4.0143787008
U Chand,59,57,3,1188,125,22,3,2,118.8,38,1,20.8421052632,10284.4884884418,10.07,4.0121826964
C A Pujara,54,46,7,1001,81,25.66,0,6,105.81,29,NA,21.7608695652,10209.4735977936,10.05,4.0090033504
D L Vettori,143,90,25,1041,57,16.01,0,1,119.65,40,NA,11.5666666667,10139.0734855226,10.03,4.0059982707
W D Parnell,139,72,29,760,99,17.67,0,2,121.6,23,NA,10.5555555556,10088.2537813758,10.02,4.0038159989
L R Shukla,81,64,16,994,76,20.7,0,3,120.63,31,NA,15.53125,10052.3379537,10.01,4.0022670809
B Sharma,71,53,19,749,79,22.02,0,2,141.58,26,NA,14.1320754717,10009.9866382745,10,4.0004334978
K H Pandya,27,18,5,404,86,31.07,0,2,164.89,9,NA,22.4444444444,9934.7781561403,9.98,3.9971581737
N Rana,19,17,1,544,97,34,0,4,149.86,3,NA,32,9913.298944,9.98,3.9962182029
M Kaif,70,63,10,1170,70,22.07,0,7,105.97,40,NA,18.5714285714,9729.232863985,9.93,3.9880785981
H S Bhatia,38,35,8,806,71,29.85,0,5,113.04,20,NA,23.0285714286,9448.8087069375,9.86,3.9753770567
G S Mann,62,54,10,947,93,21.52,0,5,122.98,28,3,17.537037037,9208.1978627598,9.8,3.9641746427
J D P Oram,105,85,18,1111,66,16.58,0,4,126.1,35,NA,13.0705882353,9181.9309699806,9.79,3.9629340234
T M Head,26,25,4,620,101,29.52,1,4,148.32,7,NA,24.8,9034.228629504,9.75,3.9558910771
D B R Teja,59,52,9,982,101,22.83,1,4,109.84,22,NA,18.8846153846,8940.8039060604,9.72,3.9513765698
D A J Bracewell,44,30,14,456,37,28.5,0,0,144.76,16,NA,15.2,8829.5725056,9.69,3.9459396772
Yuvraj Singh,47,43,4,973,58,24.94,0,5,102.31,14,NA,22.6279069767,8683.7388601431,9.65,3.9387067548
S D Chitnis,34,28,10,510,89,28.33,0,1,153.15,9,NA,18.2142857143,8598.1420491496,9.63,3.9344046158
Y V Takawale,32,26,3,672,89,29.21,0,4,109.44,21,8,25.8461538462,8460.645977812,9.59,3.9274035231
R R Sarwan,75,70,9,1188,70,19.47,0,5,104.39,24,NA,16.9714285714,8278.5541042146,9.54,3.9179544914
R V Gomez,55,48,17,732,62,23.61,0,2,130.48,21,NA,15.25,8268.4184352,9.54,3.9174224466
R T Ponting,48,43,3,909,98,22.72,0,5,110.98,17,NA,21.1395348837,8187.2808974207,9.51,3.9131396909
J J van der Wath,109,78,26,862,48,16.57,0,0,127.51,13,NA,11.0512820513,8144.339958602,9.5,3.9108558936
L A Carseldine,26,24,5,596,74,31.36,0,4,125.21,9,NA,24.8333333333,8112.8493943358,9.49,3.9091734139
T Taibu,48,45,10,882,89,25.2,0,5,106.65,27,13,19.6,8091.1208448,9.48,3.9080086876
P A Reddy,47,46,6,912,105,22.8,1,1,118.44,12,NA,19.8260869565,8052.2655476781,9.47,3.9059180886
M D Mishra,48,47,3,899,84,20.43,0,3,133.18,14,NA,19.1276595745,7993.9315775316,9.46,3.9027604267
M F Maharoof,90,67,20,851,55,18.1,0,1,120.7,28,NA,12.7014925373,7991.5880740214,9.45,3.9026330901
A B Barath,44,44,4,966,68,24.15,0,6,106.5,6,NA,21.9545454545,7950.4891199835,9.44,3.9003938476
S S Iyer,35,35,2,796,86,24.12,0,6,127.36,16,NA,22.7428571429,7824.8027750548,9.41,3.8934733999
A Flintoff,39,36,6,683,93,22.76,0,3,142.88,19,NA,18.9722222222,7699.7475720443,9.37,3.8864764875
A K Pathan,34,33,5,656,87,23.42,0,4,148.75,8,NA,19.8787878788,7534.6426569743,9.32,3.87706266
P C Valthaty,34,34,1,778,120,23.57,1,3,126.5,6,NA,22.8823529412,7423.0038080076,9.28,3.8705796833
S M Pollock,46,34,7,569,59,21.07,0,1,141.89,9,NA,16.7352941176,7364.7410898805,9.26,3.8671574837
S Baby,51,38,4,667,48,19.61,0,0,130.78,18,NA,17.5526315789,7346.5141329149,9.26,3.8660813184
J W Hastings,83,56,15,642,80,15.65,0,2,152.13,19,NA,11.4642857143,7249.4369809805,9.23,3.8603042789
D du Preez,80,58,26,635,46,19.84,0,0,129.59,24,NA,10.9482758621,7206.0762747791,9.21,3.8576988547
R Ashwin,193,62,28,474,46,13.94,0,0,109.21,42,NA,7.6451612903,7188.1829226523,9.21,3.8566191204
R J Quiney,71,65,3,1050,97,16.93,0,5,115.25,32,NA,16.1538461538,7161.1399569026,9.2,3.8549821616
W Jaffer,23,23,1,616,95,28,0,6,129.14,11,NA,26.7826086957,7127.7015040127,9.19,3.8529495039
D J Thornely,57,50,13,778,67,21.02,0,3,117.52,24,NA,15.56,7010.9831141376,9.15,3.8457789211
M Rawat,48,40,14,632,72,24.3,0,4,116.39,40,13,15.8,6863.88888576,9.1,3.8365702444
G H Vihari,52,51,7,925,81,21.02,0,2,106.93,23,2,18.137254902,6783.5519786813,9.08,3.8314571571
R Sathish,62,49,14,667,41,19.05,0,0,129.51,25,NA,13.612244898,6662.9983403955,9.03,3.8236697051
K H Devdhar,39,38,1,800,96,21.62,0,3,115.77,17,2,21.0526315789,6576.164958301,9.01,3.8179726986
A Mukund,27,26,5,609,67,29,0,2,111.53,15,NA,23.4230769231,6545.5687273911,8.99,3.8159473872
F Y Fazal,48,46,2,896,66,20.36,0,3,105.41,18,NA,19.4782608696,6420.9750247628,8.95,3.8076009807
R K Bishnoi,32,29,1,580,75,20.71,0,4,149.48,17,NA,20,6340.0566784,8.92,3.8020931404
A R Patel,67,46,14,577,43,18.03,0,0,129.95,21,NA,12.5434782609,6301.0768008153,8.91,3.7994147731
M J Clarke,46,40,5,737,67,21.05,0,1,108.22,18,NA,18.425,6178.38455696,8.87,3.7908749363
R Vinay Kumar,147,68,25,548,38,12.74,0,0,122.04,44,NA,8.0588235294,5894.0061655255,8.76,3.7704105858
S P Goswami,57,50,3,895,52,19.04,0,1,94.3,22,7,17.9,5862.14426112,8.75,3.7680565018
P Negi,65,49,22,536,41,19.85,0,0,129.46,26,NA,10.9387755102,5846.9335536305,8.74,3.7669281584
A L Menaria,55,46,4,748,52,17.8,0,1,114.54,17,NA,16.2608695652,5834.9026559938,8.74,3.7660336151
P Kumar,162,81,28,638,76,12.03,0,1,118.36,23,NA,7.8765432099,5813.9492505773,8.73,3.7644712365
S Rana,42,38,9,654,62,22.55,0,2,111.41,20,NA,17.2105263158,5811.1774984457,8.73,3.7642641409
A Mishra,167,78,30,649,49,13.52,0,0,96.43,29,NA,8.3205128205,5797.0280520444,8.73,3.7632054019
M B Mortaza,105,67,17,664,56,13.28,0,1,130.7,21,NA,9.9104477612,5779.7122445408,8.72,3.7619062167
A C Thomas,225,69,35,410,30,12.05,0,0,106.77,67,NA,5.9420289855,5504.3184521672,8.61,3.740703552
B B Samantray,46,43,6,721,102,19.48,1,2,113.9,14,NA,16.7674418605,5476.300811323,8.6,3.7384872958
S Singh,33,32,6,599,74,23.03,0,4,119.32,9,NA,18.71875,5431.85220732,8.58,3.7349479449
P S P Handscomb,35,29,12,460,103,27.05,1,1,112.19,17,4,15.8620689655,5391.3716910286,8.57,3.7316992739
U A Birla,29,24,2,530,56,24.09,0,1,107.94,13,NA,22.0833333333,5328.829413592,8.54,3.7266318178
K B A Karthik,53,43,10,603,66,18.27,0,2,122.56,36,3,14.023255814,5325.5198051005,8.54,3.7263620041
W P U Vaas,56,46,9,672,73,18.16,0,4,110.52,8,NA,14.6086956522,5254.1947619155,8.51,3.7205061671
Y Nagar,49,37,9,560,44,20,0,0,109.58,16,NA,15.1351351351,5201.081427015,8.49,3.716093653
B Lee,120,56,26,416,48,13.86,0,0,131.23,28,NA,7.4285714286,5188.39326722,8.49,3.7150328871
H K S R Kaluhalamulla,57,28,8,337,55,16.85,0,1,138.11,23,NA,12.0357142857,5108.8333235939,8.45,3.708321734
N Saini,45,41,4,713,74,19.27,0,3,104.69,37,14,17.3902439024,5051.9038895887,8.43,3.7034550797
C R Brathwaite,51,36,8,447,36,15.96,0,0,154.67,17,NA,12.4166666667,5002.2356764934,8.41,3.6991641493
G B Hogg,125,43,20,340,54,14.78,0,1,106.58,29,NA,7.9069767442,4982.1936372181,8.4,3.6974206028
S Narwal,33,21,8,277,42,21.3,0,0,162.94,9,NA,13.1904761905,4834.278964123,8.34,3.6843317079
C J Jordan,54,37,13,455,37,18.95,0,0,118.48,30,NA,12.2972972973,4770.9808190281,8.31,3.6786076706
K K Cooper,129,78,33,545,32,12.11,0,0,136.59,39,NA,6.9871794872,4770.9474869679,8.31,3.6786046364
M Kartik,147,46,21,320,35,12.8,0,0,110.34,38,NA,6.9565217391,4621.7069968494,8.25,3.664802409
T G Southee,120,57,14,441,74,10.25,0,1,147.98,48,NA,7.7368421053,4506.3181137057,8.19,3.6538218465
K Goel,44,39,5,679,82,19.97,0,3,91.88,12,NA,17.4102564103,4497.8697348708,8.19,3.6530068735
S N Khan,24,18,8,248,45,24.8,0,0,168.7,2,NA,13.7777777778,4426.9759146738,8.16,3.6461071592
D H Yagnik,51,41,9,559,70,17.46,0,2,113.38,30,10,13.6341463415,4404.8264065055,8.15,3.6439287976
T M Srivastava,28,22,3,420,84,22.1,0,2,113.82,9,NA,19.0909090909,4302.7436683616,8.1,3.6337454742
S Sohal,32,27,0,511,62,18.92,0,2,116.93,6,NA,18.9259259259,4287.5004078401,8.09,3.6322041744
A S Raut,39,25,7,368,43,20.44,0,0,113.93,15,NA,14.72,4278.0059492352,8.09,3.6312413842
A A Reddy,69,54,15,561,37,14.38,0,0,129.56,18,NA,10.3888888889,4273.6405934979,8.09,3.6307979959
J Sharma,58,35,8,410,75,15.18,0,1,127.72,16,NA,11.7142857143,4215.2609543366,8.06,3.6248244657
D S Lehmann,17,17,4,381,48,29.3,0,0,117.95,4,NA,22.4117647059,4213.4759520033,8.06,3.6246405196
S S Shaikh,18,17,1,405,110,25.31,1,2,121.25,6,NA,23.8235294118,4211.167129418,8.06,3.6244024777
Y G Rao,23,21,2,429,71,22.57,0,3,123.98,10,NA,20.4285714286,4207.2566241888,8.05,3.6239990029
N S Naik,18,17,1,400,69,25,0,3,123.45,11,NA,23.5294117647,4182.7764705872,8.04,3.6214646563
J S Mohammad,41,30,13,383,42,22.52,0,0,110.37,10,NA,12.7666666667,4163.2336295789,8.03,3.619430783
V Sivaramakrishnan,25,21,1,410,54,20.5,0,1,129.74,5,NA,19.5238095238,4154.1512380932,8.03,3.6184823036
D Hooda,53,42,6,525,54,14.58,0,2,131.9,18,NA,12.5,4076.97624,7.99,3.6103381805
V V S Laxman,25,25,3,491,78,22.31,0,3,114.71,4,NA,19.64,4020.98377312,7.96,3.6043323205
M S Gony,69,35,13,311,42,14.13,0,0,144.65,10,NA,8.8857142857,4010.0705522678,7.96,3.6031520136
B Chipli,30,28,7,453,61,21.57,0,2,117.35,4,NA,16.1785714286,3931.3765491498,7.92,3.5945446427
S Kanwar,18,18,1,400,53,23.52,0,1,128.2,6,NA,22.2222222222,3859.5379199961,7.88,3.5865353122
A J Hollioake,22,19,6,306,65,23.53,0,1,137.83,5,NA,16.1052631579,3677.1061569359,7.79,3.565506168
B Akhil,35,26,8,321,35,17.83,0,0,148.61,6,NA,12.3461538462,3663.9461699214,7.78,3.5639490845
P R Shah,54,37,7,461,71,15.36,0,2,110.55,43,15,12.4594594595,3655.8881653741,7.78,3.5629929021
M P Stoinis,27,23,3,404,52,20.2,0,2,115.09,3,NA,17.5652173913,3528.2246600339,7.71,3.5475562311
N M Coulter Nile,76,44,21,341,42,14.82,0,0,126.29,23,NA,7.75,3527.62522944,7.71,3.54748244
J O Holder,70,46,13,432,48,13.09,0,0,125.94,34,NA,9.3913043478,3467.9854680947,7.67,3.540077269
V H Zol,12,11,0,298,109,27.09,1,1,122.63,3,NA,27.0909090909,3455.8949815843,7.67,3.5385605366
A A Jhunjhunwala,38,32,6,472,54,18.15,0,2,103.96,20,NA,14.75,3384.2972064,7.63,3.5294684955
S P Narine,179,58,28,297,28,9.9,0,0,114.67,35,NA,5.1206896552,3329.7871436869,7.6,3.5224164722
P R Zarghav,37,31,5,478,52,18.38,0,1,97.15,11,NA,15.4193548387,3259.9145560754,7.56,3.5132062172
P Prasanth,44,32,17,285,43,19,0,0,133.8,6,NA,8.90625,3187.9188,7.51,3.5035072509
C Madan,20,17,4,311,69,23.92,0,2,110.28,22,4,18.2941176471,3088.5125782658,7.45,3.4897493744
C J McKay,88,38,19,255,21,13.42,0,0,121.42,15,NA,6.7105263158,3079.1580308259,7.45,3.4884319787
A A Bilakhia,19,19,3,377,80,23.56,0,3,107.71,4,NA,19.8421052632,3061.4180646465,7.44,3.4859226405
A G Paunikar,22,22,1,421,78,20.04,0,1,111.96,6,1,19.1363636364,3022.6835404858,7.41,3.4803926811
B A Sumanth,19,17,8,249,60,27.66,0,1,122.66,9,NA,14.6470588235,3021.4063743186,7.41,3.4802091411
R H Bhatt,35,29,8,390,44,18.57,0,0,106.84,6,NA,13.4482758621,2988.3427994552,7.39,3.4754304149
M A Khote,11,7,2,147,72,29.4,0,1,137.38,5,NA,21,2985.6081024,7.39,3.4750328007
K M D Kulasekara,96,50,15,370,31,10.57,0,0,123.33,33,NA,7.4,2963.443488768,7.38,3.4717966499
J D Unadkat,65,20,12,126,39,15.75,0,0,141.57,14,NA,6.3,2921.834916,7.35,3.4656556746
A F Milne,57,21,16,116,18,23.2,0,0,124.73,15,NA,5.5238095238,2915.5630372521,7.35,3.4647224357
A B Agarkar,62,35,15,286,39,14.3,0,0,125.43,10,NA,8.1714285714,2907.8842576356,7.34,3.4635771163
C M Gautam,36,32,8,412,53,17.16,0,1,108.7,25,10,12.875,2766.6010944,7.25,3.4419465444
Umar Gul,139,71,18,469,32,8.84,0,0,105.15,35,NA,6.6056338028,2731.1202012775,7.23,3.4363408146
S B Bangar,33,28,3,381,67,15.24,0,2,124.5,6,NA,13.6071428571,2726.37242742,7.23,3.435585181
B Geeves,14,7,1,133,28,22.16,0,0,135.71,5,NA,19,2559.84236032,7.11,3.4082132215
M Morkel,154,41,22,185,23,9.73,0,0,117.83,25,NA,4.512195122,2549.3372324959,7.11,3.4064272888
D W Steyn,168,52,21,253,27,8.16,0,0,115,44,NA,4.8653846154,2454.5079138539,7.04,3.3899644367
D R Martyn,6,6,0,175,96,29.16,0,1,149.57,3,NA,29.1666666667,2442.4182720028,7.03,3.3878200403
A D Nath,34,29,7,357,35,16.22,0,0,109.5,9,NA,12.3103448276,2378.8337015199,6.98,3.3763640826
J S Saxena,42,38,7,489,55,15.77,0,1,86.54,10,NA,12.8684210526,2360.3321145542,6.97,3.3729731154
T Mishra,20,19,0,366,68,19.26,0,1,99.18,6,NA,19.2631578947,2354.9833727955,6.97,3.3719878452
A P Majumdar,25,21,1,361,43,18.05,0,0,94.75,6,NA,17.1904761905,2351.983761908,6.96,3.371434319
A A Noffke,30,23,5,263,34,14.61,0,0,139.15,7,NA,11.4347826087,2231.6833440009,6.87,3.3486325721
Imran Tahir,127,24,11,118,17,9.07,0,0,122.91,28,NA,4.9166666667,2227.5064517751,6.87,3.3478189706
M G Neser,31,20,10,198,35,19.8,0,0,111.86,14,NA,9.9,2175.13828224,6.83,3.337486872
A A Chavan,26,13,4,154,44,17.11,0,0,128.33,5,NA,11.8461538462,2164.1078412884,6.82,3.3352788986
S I Abdulla,81,28,16,165,33,13.75,0,0,98.8,30,NA,5.8928571429,2075.0117143008,6.75,3.3170205528
A Chandila,28,13,5,151,57,18.87,0,1,105.59,12,NA,11.6153846154,2073.6540042858,6.75,3.3167362947
J Yadav,29,20,10,196,31,19.6,0,0,115.97,11,NA,9.8,2067.16803328,6.74,3.3153757804
S M Harwood,40,14,8,101,20,16.83,0,0,132.89,6,NA,7.2142857143,2065.2837366898,6.74,3.3149797252
S L Malinga,221,66,24,287,37,6.83,0,0,97.95,42,NA,4.3484848485,2057.3366234981,6.73,3.3133053572
R R Panth,10,10,2,198,69,24.75,0,1,130.26,3,NA,19.8,2042.685216,6.72,3.3102014457
A S Chopra,21,19,1,334,72,18.55,0,1,91.25,4,NA,17.5789473684,1999.5806526292,6.69,3.300938926
V Malik,41,18,3,189,48,12.6,0,0,113.17,6,NA,10.5,1964.3776992,6.66,3.2932249951
A G Murtaza,33,11,5,119,39,19.83,0,0,86.23,11,NA,10.8181818182,1953.4364841633,6.65,3.2907992947
D S Kulkarni,94,28,17,141,28,12.81,0,0,99.29,21,NA,5.0357142857,1926.6088622345,6.63,3.2847935537
S Badree,135,36,27,126,29,14,0,0,89.36,38,NA,3.5,1891.57248,6.59,3.276822987
D N T Zoysa,17,14,4,203,41,20.3,0,0,118.02,1,NA,14.5,1889.8117728,6.59,3.2764185501
A Kumar,2,2,1,56,55,56,0,1,186.66,0,NA,28,1873.170432,6.58,3.2725772938
K J Abbott,88,28,18,130,16,13,0,0,110.16,24,NA,4.6428571429,1872.3423085887,6.58,3.272385251
M G Johnson,82,46,21,280,30,11.2,0,0,103.7,18,NA,6.0869565217,1855.0721669446,6.56,3.2683608094
J Theron,120,49,25,228,31,9.5,0,0,107.54,34,NA,4.6530612245,1825.4234644938,6.54,3.2613636288
S B Jakati,81,23,8,149,43,9.93,0,0,105.67,31,NA,6.4782608696,1761.9532680303,6.48,3.2459943855
M J McClenaghan,98,29,16,123,20,9.46,0,0,138.2,18,NA,4.2413793103,1738.9309890023,6.46,3.240282347
D T Patil,14,13,0,237,44,18.23,0,0,113.94,6,3,18.2307692308,1696.4688570121,6.42,3.2295458915
K W Richardson,58,21,6,162,26,10.8,0,0,109.45,22,NA,7.7142857143,1692.4397348603,6.41,3.2285132131
S Sriram,15,14,3,233,39,21.18,0,0,99.57,7,NA,16.6428571429,1684.7039170329,6.41,3.2265235856
N J Rimmington,77,29,13,170,26,10.62,0,0,105.59,20,NA,5.8620689655,1619.7162286297,6.34,3.2094389336
B Kumar,100,41,18,216,24,9.39,0,0,101.88,22,NA,5.2682926829,1612.7772971625,6.34,3.2075744013
U T Yadav,97,28,16,117,24,9.75,0,0,121.87,23,NA,4.1785714286,1541.1715020105,6.27,3.1878509698
M T T Mirando,51,31,10,233,48,11.09,0,0,112.01,17,NA,7.5161290323,1523.7114286227,6.25,3.182902725
S M S Senanayake,86,41,16,246,20,9.84,0,0,93.53,30,NA,6,1519.65748224,6.24,3.1817457127
R J Harris,64,37,15,239,31,10.86,0,0,103.91,23,NA,6.4594594595,1492.8401236505,6.22,3.1740132993
A N Ahmed,53,26,11,164,20,10.93,0,0,124.24,4,NA,6.3076923077,1452.7067439279,6.17,3.1621779527
S S Bandekar,28,27,4,308,31,13.39,0,0,103.7,5,NA,11.4074074074,1419.2349430509,6.14,3.1520542954
A Nel,56,28,13,155,19,10.33,0,0,137.16,11,NA,5.5357142857,1405.5278975964,6.12,3.1478394701
J Anand,15,12,1,201,54,18.27,0,1,95.26,4,NA,16.75,1399.2817608,6.12,3.1459051733
S K Warne,73,32,10,210,34,9.54,0,0,92.1,18,NA,6.5625,1346.945922,6.06,3.1293501598
Zaheer Khan,127,46,25,187,26,8.9,0,0,89.9,26,NA,4.0652173913,1321.8652097377,6.03,3.1211871725
P V Manikantan,5,5,0,125,42,25,0,0,127.55,2,NA,25,1275.5,5.98,3.1056804629
P Sahu,15,11,4,134,27,19.14,0,0,113.55,4,NA,12.1818181818,1270.8152639981,5.97,3.1040824226
A S Yadav,19,15,1,198,44,14.14,0,0,111.23,3,NA,13.2,1262.260108032,5.96,3.1011488572
W A Mota,21,17,2,228,50,15.2,0,1,91.56,6,NA,13.4117647059,1254.3090928958,5.95,3.0984045706
K Santokie,80,22,8,124,22,8.85,0,0,97.63,17,NA,5.6363636364,1246.7102487353,5.94,3.0957655297
S Nadeem,83,32,11,186,36,8.85,0,0,88.57,18,NA,5.8125,1210.0991391,5.9,3.082820952
I P Kishan,19,19,0,277,48,14.57,0,0,93.26,6,2,14.5789473684,1204.4387244783,5.89,3.0807847103
C K Langeveldt,110,21,13,82,14,10.25,0,0,85.41,22,NA,3.9047619048,1203.2886171546,5.89,3.0803698084
A N Sharma,46,26,7,188,41,9.89,0,0,112.57,9,NA,7.2307692308,1184.9806782081,5.87,3.073711269
S B Wagh,34,24,11,181,27,13.92,0,0,102.84,11,NA,7.5416666667,1174.6203801652,5.85,3.0698975318
A N Ghosh,16,14,3,187,67,17,0,1,100.53,8,NA,13.3571428571,1168.7675245677,5.85,3.0677281358
R S Gopal,14,8,2,103,39,17.16,0,0,117.04,3,NA,12.875,1158.44881152,5.83,3.0638768483
B A Bhatt,36,10,4,70,20,11.66,0,0,122.8,8,NA,7,1154.6422272,5.83,3.0624474363
R Rampaul,100,32,18,128,23,9.14,0,0,98.46,20,NA,4,1151.903232,5.83,3.0614159968
S Aravind,59,16,12,58,14,14.5,0,0,116,20,NA,3.625,1151.1608,5.82,3.0611359923
K Yadav,24,4,3,22,17,22,0,0,122.22,6,NA,5.5,1135.766016,5.81,3.0552888697
V R Singh,33,6,3,39,22,13,0,0,125.8,7,NA,6.5,1122.53856,5.79,3.0502012683
H M Das,18,17,7,184,59,18.4,0,1,96.84,11,9,10.8235294118,1110.8719194389,5.77,3.0456639888
R R Powar,28,11,7,72,28,18,0,0,102.85,5,NA,6.5454545455,1085.7369600075,5.74,3.0357246221
S K Singh,25,17,8,134,28,14.88,0,0,114.52,13,NA,7.8823529412,1074.5586748267,5.73,3.0312301345
H V Patel,61,33,10,177,26,7.69,0,0,129.19,17,NA,5.3636363636,1040.146178582,5.68,3.0170943778
D E Bollinger,123,17,7,68,17,6.8,0,0,95.77,31,NA,4,1025.3059584,5.66,3.0108534812
S A Abbott,44,31,7,229,39,9.54,0,0,98.7,23,NA,7.3870967742,979.3591172138,5.59,2.9909419707
K A Razzak,79,39,17,191,36,8.68,0,0,89.67,20,NA,4.8974358974,963.6353532976,5.57,2.9839127248
J Suchith,25,12,5,92,34,13.14,0,0,115,12,NA,7.6666666667,926.808000004,5.52,2.9669897739
B B Sran,24,7,6,21,9,21,0,0,190.9,3,NA,3,923.65056,5.51,2.9655076979
I C Pandey,45,10,3,56,19,8,0,0,136.58,9,NA,5.6,881.104896,5.45,2.9450276145
B W Hilfenhaus,77,32,17,134,38,8.93,0,0,93.05,14,NA,4.1875,857.3602807,5.41,2.9331633599
M A Starc,83,28,13,124,29,8.26,0,0,87.32,26,NA,4.4285714286,848.3703833655,5.4,2.9285854989
S Kaul,42,15,13,42,8,21,0,0,105,9,NA,2.8,829.7856,5.37,2.9189658939
D P Nannes,215,39,31,66,12,8.25,0,0,83.54,34,NA,1.6923076923,802.4466830733,5.32,2.9044161862
M Sharma,79,18,10,64,21,8,0,0,106.66,18,NA,3.5555555556,766.9659875651,5.26,2.8847761048
S S Mundhe,25,20,5,155,42,10.33,0,0,118.32,9,NA,7.75,757.792272,5.25,2.879550172
V R Aaron,47,15,9,71,17,11.83,0,0,87.65,2,NA,4.7333333333,738.1618413815,5.21,2.868151591
M d Lange,44,15,9,63,9,10.5,0,0,118.86,7,NA,4.2,738.0350208,5.21,2.8680769702
S B Joshi,15,9,5,78,32,19.5,0,0,90.69,3,NA,8.6666666667,735.6772800028,5.21,2.8666873439
R S Gavaskar,10,8,1,113,47,16.14,0,0,99.12,1,NA,14.125,723.1081536,5.19,2.8592032586
J E Taylor,61,27,11,124,17,7.75,0,0,103.33,13,NA,4.5925925926,717.9031620752,5.18,2.8560658662
K Khan,11,3,2,22,19,22,0,0,122.22,4,NA,7.3333333333,694.0792319968,5.13,2.8414090498
B Laughlin,88,26,10,102,22,6.37,0,0,94.44,25,NA,3.9230769231,664.5916569639,5.08,2.822554885
V Shankar,21,14,2,127,34,10.58,0,0,98.44,16,NA,9.0714285714,634.895473918,5.02,2.8027022311
S W Tait,159,51,23,151,26,5.39,0,0,77.83,23,NA,2.9607843137,631.9601150251,5.01,2.8006896695
V D Solanki,7,7,1,89,50,14.83,0,1,136.92,2,NA,12.7142857143,578.2931212807,4.9,2.7621480265
G S Toor,14,2,0,24,15,12,0,0,88.88,0,NA,12,573.382656,4.89,2.758444552
S K Trivedi,103,23,11,71,12,5.91,0,0,92.2,23,NA,3.0869565217,554.4164627408,4.85,2.7438361177
A Rajan,31,4,3,11,8,11,0,0,183.33,16,NA,2.75,550.136664,4.84,2.7404705896
V Y Mahesh,46,19,9,86,16,8.6,0,0,94.5,13,NA,4.5263157895,541.480623161,4.82,2.73358292
J J Bumrah,77,11,7,34,14,8.5,0,0,82.92,10,NA,3.0909090909,536.7909119984,4.81,2.7298051545
K A J Roach,44,13,5,59,12,7.37,0,0,113.46,17,NA,4.5384615385,534.344792423,4.81,2.7278215812
I Malhotra,11,10,3,104,28,14.85,0,0,97.19,2,NA,10.4,528.35283072,4.79,2.7229240386
T P Sudhindra,27,15,9,75,13,12.5,0,0,94.93,9,NA,5,512.622,4.76,2.7097972407
M M Patel,93,19,13,46,23,7.66,0,0,90.19,20,NA,2.4210526316,497.7649517854,4.72,2.6970243142
S Sreesanth,60,20,12,73,19,9.12,0,0,76.84,9,NA,3.65,491.10718464,4.71,2.6911762877
A Mithun,45,22,8,91,12,6.5,0,0,126.38,15,NA,4.1363636364,489.2974036407,4.7,2.6895729113
D Salunkhe,6,3,1,33,26,16.5,0,0,137.5,2,NA,11,479.16,4.68,2.6804805562
S Sharma,59,11,10,20,7,20,0,0,66.66,14,NA,1.8181818182,457.6512000046,4.63,2.6605346055
I Sharma,103,24,19,45,9,9,0,0,81.81,21,NA,1.875,455.02722,4.62,2.6580373772
P Sangwan,64,28,15,94,14,7.23,0,0,91.26,18,NA,3.3571428571,453.6475150571,4.62,2.6567185363
B A W Mendis,119,39,16,123,15,5.34,0,0,69.49,27,NA,3.1538461538,445.6572877227,4.59,2.6490010128
F H Edwards,89,27,12,87,11,5.8,0,0,83.65,12,NA,3.2222222222,445.2351182192,4.59,2.6485894123
R Sharma,74,35,9,131,14,5.03,0,0,98.49,20,NA,3.7428571429,439.081431941,4.58,2.6425450719
R W Price,68,25,13,87,14,7.25,0,0,79.09,14,NA,3.48,434.20789632,4.56,2.6376977171
A P Dole,3,2,0,34,30,17,0,0,154.54,2,NA,17,428.755776,4.55,2.6322099837
R Tewatia,4,1,0,16,16,16,0,0,123.07,0,NA,16,403.275776,4.48,2.6056021356
K A Singh,44,18,10,70,16,8.75,0,0,81.39,11,NA,3.8888888889,389.9485333344,4.44,2.5910072912
R R Bhatkal,20,14,5,86,25,9.55,0,0,102.38,11,NA,6.1428571429,384.3871725741,4.43,2.5847688864
L Balaji,104,20,9,54,15,4.9,0,0,87.09,16,NA,2.7,383.45239296,4.43,2.5837114524
R A Shukla,26,14,8,59,17,9.83,0,0,109.25,10,NA,4.2142857143,376.5496651441,4.41,2.5758222657
M J Buchanan,5,5,1,60,48,15,0,0,127.65,1,NA,12,367.632,4.38,2.5654133069
A Nehra,120,26,13,69,22,5.3,0,0,67.64,25,NA,2.6538461538,365.3309243013,4.37,2.5626864357
T Kohli,26,23,9,141,22,10.07,0,0,70.85,10,NA,6.1304347826,363.9015689734,4.37,2.5609839281
P J Cummins,48,20,8,79,14,6.58,0,0,90.8,9,NA,3.95,362.49335808,4.36,2.5593000535
Y A Abdulla,55,8,5,26,16,8.66,0,0,72.22,6,NA,3.25,357.7432144,4.35,2.5535714049
S M Boland,17,5,4,17,8,17,0,0,113.33,2,NA,3.4,356.3457856,4.34,2.5518716269
K Singh,15,6,4,36,17,18,0,0,66.66,6,NA,6,345.56544,4.31,2.5385303022
A Kumble,54,21,17,46,8,11.5,0,0,77.96,15,NA,2.1904761905,339.353197718,4.29,2.5306519459
A Singh,11,10,1,97,40,10.77,0,0,89.81,6,NA,9.7,330.259103328,4.26,2.5188547974
A B Dinda,116,28,12,73,22,4.56,0,0,67.59,17,NA,2.6071428571,298.2772191037,4.16,2.4746200854
A Zampa,39,15,3,67,15,5.58,0,0,93.05,4,NA,4.4666666667,289.4334393622,4.12,2.4615487054
J Arunkumar,7,7,0,79,31,11.28,0,0,101.28,0,NA,11.2857142857,288.8084275196,4.12,2.4606098619
R P Singh,132,50,25,108,18,4.32,0,0,72.97,42,NA,2.16,287.6111732736,4.12,2.4588057537
K P Appanna,24,6,5,13,9,13,0,0,130,7,NA,2.1666666667,281.2160000043,4.1,2.4490400266
M Muralitharan,164,38,14,81,11,3.37,0,0,73.63,31,NA,2.1315789474,277.574745301,4.08,2.44337995
S S Gupta,16,8,1,54,22,7.71,0,0,103.84,3,NA,6.75,276.68957184,4.08,2.4419927913
P V Tambe,54,11,7,36,14,9,0,0,53.73,7,NA,3.2727272727,273.4720232704,4.07,2.4369129038
L Sharma,2,1,0,16,16,16,0,0,160,0,NA,16,262.144,4.02,2.418539922
Shoaib Akhtar,38,19,5,75,14,5.35,0,0,98.68,7,NA,3.9473684211,253.410240003,3.99,2.4038241602
J Salman Butta,16,11,5,54,16,9,0,0,110.2,0,NA,4.9090909091,249.2844218186,3.97,2.3966951396
P Dharmani,11,7,2,47,16,9.4,0,0,111.9,9,9,6.7142857143,248.5995977148,3.97,2.3955004215
P P Ojha,134,37,20,72,11,4.23,0,0,68.57,21,NA,1.9459459459,242.0249092094,3.94,2.3838600659
Y S Chahal,79,16,11,31,10,6.2,0,0,75.6,24,NA,1.9375,229.579056,3.89,2.3609322658
K C Cariappa,10,3,2,13,12,13,0,0,118.18,2,NA,4.3333333333,213.039146665,3.82,2.3284594139
S N Thakur,13,5,3,22,7,11,0,0,104.76,4,NA,4.4,210.9279744,3.81,2.324134182
U Kaul,9,3,2,13,9,13,0,0,130,3,NA,4.3333333333,210.9119999984,3.81,2.32410129
C R D Fernando,55,20,10,47,21,4.7,0,0,92.15,14,NA,2.35,179.132228,3.66,2.2531737276
C Nanda,20,5,2,20,13,6.66,0,0,100,6,NA,4,170.496,3.61,2.2317141945
G S Sandhu,26,6,2,25,7,6.25,0,0,78.12,7,NA,4.1666666667,169.2600000014,3.61,2.2285543365
M Ntini,60,12,6,30,11,5,0,0,69.76,7,NA,2.5,167.424,3.6,2.2238177136
B E Hendricks,42,8,5,21,12,7,0,0,67.74,7,NA,2.625,167.290704,3.6,2.2234718088
P Singh,42,21,10,60,10,5.45,0,0,69.76,12,NA,2.8571428571,145.9937279978,3.48,2.1643341986
H S Bansal,31,8,3,22,14,4.4,0,0,110,6,NA,2.75,132.0352,3.39,2.1206897276
S E Bond,40,14,6,32,8,4,0,0,103.22,9,NA,2.2857142857,120.7968914278,3.32,2.0820557583
C Ganapathy,25,11,2,37,15,4.11,0,0,94.87,12,NA,3.3636363636,104.9227701807,3.2,2.0208697484
A Uniyal,4,3,2,18,14,18,0,0,75,0,NA,6,103.68,3.19,2.0156949885
T Shamsi,48,13,8,27,7,5.4,0,0,56.25,6,NA,2.0769230769,96.9009230758,3.14,1.9863279141
P Parameswaran,34,10,8,15,13,7.5,0,0,75,5,NA,1.5,91.8,3.1,1.9628426812
T A Boult,52,14,7,29,5,4.14,0,0,61.7,24,NA,2.0714285714,88.0458294845,3.06,1.9447087893
P D Vijaykumar,18,6,4,12,6,6,0,0,120,1,NA,2,82.944,3.02,1.9187849755
R S Sodhi,14,10,1,45,12,5,0,0,81.81,5,NA,4.5,82.46448,3.01,1.9162669248
Mohammad Asif,35,7,4,13,5,4.33,0,0,86.66,8,NA,1.8571428571,78.0494623982,2.97,1.892369916
P Awana,61,13,8,22,8,4.4,0,0,51.16,10,NA,1.6923076923,74.3605090458,2.94,1.8713423541
R R Raje,28,13,6,27,11,3.85,0,0,96.42,14,NA,2.0769230769,69.0806281838,2.88,1.8393562782
Mohammed Shami,50,13,7,22,5,3.66,0,0,62.85,11,NA,1.6923076923,62.2853169228,2.81,1.7943856786
S Sharma,8,4,1,17,12,5.66,0,0,94.44,4,NA,4.25,58.15690752,2.76,1.764601305
K R Upadhyay,21,10,6,19,11,4.75,0,0,79.16,7,NA,1.9,48.0089568,2.63,1.6813222692
R R Bose,11,3,1,7,7,3.5,0,0,140,0,NA,2.3333333333,40.2453333328,2.52,1.6047155288
R M Yadav,8,4,0,19,8,4.75,0,0,63.33,6,4,4.75,36.579408,2.46,1.5632366726
M M Rahman,39,6,2,9,6,2.25,0,0,69.23,8,NA,1.5,29.159676,2.32,1.4647826941
V S Yeligati,4,2,1,6,4,6,0,0,120,1,NA,3,27.648,2.29,1.4416637208
R G More,11,4,2,10,4,5,0,0,62.5,3,NA,2.5,27.5,2.29,1.4393326938
S Tyagi,23,5,4,5,3,5,0,0,71.42,5,NA,1,26.28256,2.26,1.4196676645
T K Patel,6,4,2,11,8,5.5,0,0,78.57,3,NA,2.75,22.816728,2.19,1.3582533652
M B Parmar,7,5,2,12,7,4,0,0,100,1,NA,2.4,21.504,2.15,1.3325192514
X T Sargunam,1,1,0,10,10,10,0,0,58.82,0,NA,10,18.8224,2.08,1.2746749985
A Singh,30,8,2,13,5,2.16,0,0,54.16,3,NA,1.625,18.2497536,2.07,1.2612570052
D L Chahar,11,7,2,14,6,2.8,0,0,87.5,5,NA,2,17.248,2.04,1.2367387435
G D McGrath,19,5,2,9,5,3,0,0,50,5,NA,1.8,16.416,2.01,1.2152673434
D J Muthuswami,22,7,4,9,4,3,0,0,60,5,NA,1.2857142857,16.2925714284,2.01,1.2119896337
S J Srivastava,22,7,4,6,3,2,0,0,85.71,6,NA,0.8571428571,10.3439725709,1.79,1.0146873603
N D Doshi,52,10,5,10,5,2,0,0,29.41,12,NA,1,9.787648,1.77,0.9906783421
S S Ladda,13,3,1,5,5,2.5,0,0,41.66,1,NA,1.6666666667,7.2210666668,1.64,0.8586013545
R V Pawar,8,4,1,7,3,2.33,0,0,50,1,NA,1.75,5.2192,1.51,0.7176039394
D Kalyankrishna,12,8,3,10,5,2,0,0,50,3,NA,1.25,4.8,1.48,0.6812412374
M Ashwin,16,3,1,3,3,1.5,0,0,50,1,NA,1,3.84,1.4,0.5843312244
R Ninan,2,1,0,3,3,3,0,0,50,1,NA,3,2.88,1.3,0.4593924878
P Amarnath,14,4,3,1,1,1,0,0,33.33,4,NA,0.25,0.373296,0.78,-0.4279466637
V P Singh,14,2,0,1,1,0.5,0,0,33.33,3,NA,0.5,0.373296,0.78,-0.4279466637
S M S Ahmed,8,3,1,1,1,0.5,0,0,16.66,4,NA,0.3333333333,0.0710826667,0.52,-1.1482362878
A M Salvi,19,2,2,16,10,NA,0,0,69.56,5,NA,8,0,0,0
H S Baddhan,1,0,NA,NA,NA,NA,NA,NA,NA,0,NA,#VALUE!,0,0,0
I H Chaudhary,7,2,2,2,1,NA,0,0,33.33,0,NA,1,0,0,0
A A Kazi,4,2,2,13,12,NA,0,0,144.44,0,NA,6.5,0,0,0
A Rajpoot,23,3,3,2,2,NA,0,0,28.57,1,NA,0.6666666667,0,0,0
L Ablash,22,4,4,6,4,NA,0,0,50,1,NA,1.5,0,0,0
P M S Kumar,2,1,1,1,1,NA,0,0,50,0,NA,1,0,0,0
P Suyal,17,2,1,0,0,0,0,0,0,1,NA,0,0,0,0
R A Shaikh,1,0,NA,NA,NA,NA,NA,NA,NA,0,NA,#VALUE!,0,0,0
S Kaushik,7,2,1,0,0,0,0,0,0,0,NA,0,0,0,0
S S Sarkar,5,0,NA,NA,NA,NA,NA,NA,NA,0,NA,NA,0,0,0
