Year,Players,Runs,Venue,Against,Opponents
2014,B Kumar-M M Sharma-Mohammed Shami-R A Jadeja-A Mishra-S K Raina-A M Rahane-S Dhawan-V Kohli-A T Rayudu-M S Dhoni,-124,Home,WI,D R Smith-D J J Bravo-D M Bravo-M N Samuels-D Ramdin-K A Pollard-A D Russell-D J G Sammy-S J Benn-R Rampaul-J E Taylor
2013,B Kumar-R Vinay Kumar-I Sharma-R Ashwin-R A Jadeja-V Kohli-Yuvraj Singh-S Dhawan-R G Sharma-S K Raina-M S Dhoni,-72,Home,AUS,P J Hughes-A J Finch-S R Watson-G J Bailey-A C Voges-G J Maxwell-B J Haddin-J P Faulkner-M G Johnson-C J McKay-X J Doherty
2008,G Gambhir-V Sehwag-S K Raina-Yuvraj Singh-Y K Pathan-M S Dhoni-R G Sharma-Harbhajan Singh-Zaheer Khan-R P Singh-M M Patel,158,Home,ENG,J M Anderson-S C J Broad-A Flintoff-S J Harmison-S R Patel-P D Collingwood-K P Pietersen-I R Bell-M J Prior-O A Shah-R S Bopara
2011,G Gambhir-A M Rahane-P A Patel-M K Tiwary-V Kohli-R G Sharma-S K Raina-I K Pathan-R A Jadeja-R Sharma-A Mithun,34,Home,WI,K A J Roach-A D Russell-S P Narine-D J G Sammy-A Martin-M N Samuels-K A Pollard-L M P Simmons-K O A Powell-J N Mohammed-D Ramdin
2007,Zaheer Khan-S Sreesanth-I K Pathan-Harbhajan Singh-Yuvraj Singh-S R Tendulkar-G Gambhir-R V Uthappa-R Dravid-M S Dhoni-R G Sharma,-47,Home,AUS,A C Gilchrist-M L Hayden-R T Ponting-M J Clarke-A Symonds-B J Hodge-J R Hopes-B Lee-G B Hogg-S R Clark-M G Johnson
2015,R G Sharma-S Dhawan-V Kohli-A M Rahane-S K Raina-M S Dhoni-Harbhajan Singh-A R Patel-B Kumar-M M Sharma-A Mishra,35,Home,SA,D W Steyn-K Rabada-C H Morris-A M Phangiso-Imran Tahir-F Behardien-Q de Kock-H M Amla-F du Plessis-A B de Villiers-D A Miller
2012,G Gambhir-A M Rahane-V Kohli-Yuvraj Singh-S K Raina-M S Dhoni-R Ashwin-R A Jadeja-B Kumar-I Sharma-Mohammed Shami,10,Home,PAK,Mohammad Irfan-Junaid Khan-Umar Gul-Mohammad Hafeez-Saeed Ajmal-Nasir Jamshed-Kamran Akmal-Younis Khan-Misbah-ul-Haq-Umar Akmal-Shoaib Malik
2008,Zaheer Khan-M M Patel-I Sharma-Yuvraj Singh-Harbhajan Singh-Y K Pathan-V Sehwag-G Gambhir-S K Raina-R G Sharma-M S Dhoni,16,Home,ENG,R S Bopara-I R Bell-K P Pietersen-P D Collingwood-A Flintoff-O A Shah-S R Patel-M J Prior-G P Swann-S C J Broad-J M Anderson
2007,Zaheer Khan-S Sreesanth-I K Pathan-Harbhajan Singh-R R Powar-S R Tendulkar-Yuvraj Singh-G Gambhir-R V Uthappa-R Dravid-M S Dhoni,-84,Home,AUS,A C Gilchrist-M L Hayden-B J Hodge-M J Clarke-A Symonds-B J Haddin-J R Hopes-B Lee-G B Hogg-S R Clark-M G Johnson
2010,M Vijay-G Gambhir-V Kohli-Yuvraj Singh-S K Raina-Y K Pathan-W P Saha-R Ashwin-A Nehra-S Sreesanth-M M Patel,40,Home,NZ,K D Mills-D R Tuffey-A J McKay-G D Elliott-N L McCullum-S B Styris-K S Williamson-J M How-M J Guptill-L  R Taylor-G J Hopkins
2008,G Gambhir-V Sehwag-S K Raina-R G Sharma-Yuvraj Singh-M S Dhoni-Y K Pathan-Harbhajan Singh-Zaheer Khan-R P Singh-M M Patel,54,Home,ENG,J M Anderson-S C J Broad-A Flintoff-S J Harmison-S R Patel-P D Collingwood-K P Pietersen-I R Bell-M J Prior-O A Shah-R S Bopara
2009,S Sreesanth-S Tyagi-A Mithun-R A Jadeja-Y K Pathan-V Kohli-R G Sharma-K K D Karthik-M Vijay-M S Dhoni-S K Raina,-90,Home,SA,L L Bosman-H M Amla-J H Kallis-A B de Villiers-H H Gibbs-M V Boucher-J Botha-R E van der Merwe-D W Steyn-M Morkel-L L Tsotsobe
2011,R Vinay Kumar-U T Yadav-A Mithun-R A Jadeja-R Ashwin-S K Raina-P A Patel-V Sehwag-G Gambhir-V Kohli-R G Sharma,-16,Home,WI,L M P Simmons-D P Hyatt-M N Samuels-D M Bravo-D Ramdin-K A Pollard-A D Russell-D J G Sammy-K A J Roach-R Rampaul-S P Narine
2013,R G Sharma-S Dhawan-V Kohli-S K Raina-Yuvraj Singh-M S Dhoni-R A Jadeja-R Ashwin-B Kumar-R Vinay Kumar-Mohammed Shami,57,Home,AUS,C J McKay-N M Coulter-Nile-J P Faulkner-S R Watson-X J Doherty-G J Maxwell-A J Finch-P J Hughes-B J Haddin-G J Bailey-A C Voges
2015,B Kumar-M M Sharma-Harbhajan Singh-A R Patel-A Mishra-S K Raina-V Kohli-R G Sharma-S Dhawan-A M Rahane-M S Dhoni,-214,Home,SA,Q de Kock-H M Amla-F du Plessis-A B de Villiers-D A Miller-F Behardien-D Elgar-D W Steyn-K Rabada-Imran Tahir-K J Abbott
2014,A M Rahane-S Dhawan-V Kohli-S K Raina-M S Dhoni-R A Jadeja-A T Rayudu-A R Patel-B Kumar-Mohammed Shami-U T Yadav,59,Home,WI,J E Taylor-J O Holder-A D Russell-S J Benn-M N Samuels-D J J Bravo-K A Pollard-D R Smith-D M Bravo-D Ramdin-D J G Sammy
2011,P A Patel-A M Rahane-G Gambhir-V Kohli-S K Raina-M S Dhoni-R A Jadeja-R Ashwin-P Kumar-R Vinay Kumar-U T Yadav,126,Home,ENG,T T Bresnan-S T Finn-J W Dernbach-G P Swann-S R Patel-R S Bopara-A N Cook-C Kieswetter-K P Pietersen-I J L Trott-J M Bairstow
2009,V Sehwag-S R Tendulkar-K K D Karthik-Y K Pathan-M S Dhoni-V Kohli-S K Raina-R A Jadeja-P Kumar-A Nehra-S Sreesanth,153,Home,SA,D W Steyn-W D Parnell-R E van der Merwe-C K Langeveldt-J-P Duminy-J H Kallis-H M Amla-H H Gibbs-A B de Villiers-A N Petersen-M V Boucher
2015,R G Sharma-S Dhawan-A M Rahane-V Kohli-M S Dhoni-S K Raina-A R Patel-B Kumar-Harbhajan Singh-U T Yadav-M M Sharma,22,Home,SA,D W Steyn-K Rabada-M Morkel-J-P Duminy-Imran Tahir-F Behardien-H M Amla-Q de Kock-F du Plessis-A B de Villiers-D A Miller
2014,A M Rahane-R G Sharma-A T Rayudu-V Kohli-S K Raina-R V Uthappa-S T R Binny-A R Patel-K V Sharma-U T Yadav-D S Kulkarni,153,Home,SL,K M D Kulasekara-A D Mathews-R M S Eranga-N L T Perera-S Prasanna-B A W Mendis-T M Dilshan-M D K Perera-L D Chandimal-D P M Jayawardene-H D R Thirimanne
2007,S C Ganguly-S R Tendulkar-G Gambhir-Yuvraj Singh-M S Dhoni-R V Uthappa-I K Pathan-Harbhajan Singh-M Kartik-Zaheer Khan-R P Singh,46,Home,PAK,Shoaib Akhtar-Umar Gul-Sohail Tanvir-Shahid Afridi-Shoaib Malik-Abdur Rehman-Salman Butt-Younis Khan-Mohammad Yousuf-Misbah-ul-Haq-Kamran Akmal
2012,A M Rahane-G Gambhir-V Kohli-Yuvraj Singh-S K Raina-M S Dhoni-R A Jadeja-R Ashwin-B Kumar-I Sharma-Mohammed Shami,127,Home,ENG,S T Finn-J W Dernbach-C R Woakes-S R Patel-J C Tredwell-J E Root-A N Cook-I R Bell-K P Pietersen-E J G Morgan-C Kieswetter
2012,B Kumar-A B Dinda-I Sharma-R Ashwin-S K Raina-R A Jadeja-Yuvraj Singh-G Gambhir-V Sehwag-V Kohli-M S Dhoni,-85,Home,PAK,Nasir Jamshed-Mohammad Hafeez-Azhar Ali-Younis Khan-Misbah-ul-Haq-Shoaib Malik-Kamran Akmal-Umar Gul-Saeed Ajmal-Junaid Khan-Mohammad Irfan
2015,B Kumar-U T Yadav-R Ashwin-A Mishra-S T R Binny-S K Raina-V Kohli-R G Sharma-S Dhawan-A M Rahane-M S Dhoni,-5,Home,SA,Q de Kock-H M Amla-F du Plessis-A B de Villiers-D A Miller-J-P Duminy-F Behardien-D W Steyn-K Rabada-M Morkel-Imran Tahir
2012,B Kumar-I Sharma-A B Dinda-R Ashwin-R A Jadeja-S K Raina-V Kohli-A M Rahane-G Gambhir-Yuvraj Singh-M S Dhoni,-9,Home,ENG,A N Cook-I R Bell-K P Pietersen-E J G Morgan-C Kieswetter-S R Patel-J E Root-T T Bresnan-J C Tredwell-S T Finn-J W Dernbach
2009,V Sehwag-S R Tendulkar-G Gambhir-Yuvraj Singh-M S Dhoni-S K Raina-Harbhajan Singh-P Kumar-R A Jadeja-A Nehra-I Sharma,99,Home,AUS,B W Hilfenhaus-P M Siddle-M G Johnson-N M Hauritz-A C Voges-S R Watson-T D Paine-R T Ponting-C L White-M E K Hussey-S E Marsh
2007,S C Ganguly-S R Tendulkar-Yuvraj Singh-M S Dhoni-R Dravid-R V Uthappa-I K Pathan-M Kartik-Harbhajan Singh-Zaheer Khan-R P Singh,8,Home,AUS,B Lee-N W Bracken-M G Johnson-J R Hopes-A Symonds-G B Hogg-A C Gilchrist-M L Hayden-R T Ponting-M J Clarke-B J Hodge
2014,A M Rahane-S Dhawan-A T Rayudu-V Kohli-S K Raina-M S Dhoni-R A Jadeja-B Kumar-Mohammed Shami-A Mishra-U T Yadav,48,Home,WI,R Rampaul-J E Taylor-S J Benn-D J J Bravo-D J G Sammy-M N Samuels-A D Russell-K A Pollard-D R Smith-D M Bravo-D Ramdin
2009,P Kumar-A Nehra-I Sharma-R A Jadeja-Harbhajan Singh-Yuvraj Singh-V Sehwag-S R Tendulkar-V Kohli-M S Dhoni-S K Raina,-24,Home,AUS,S R Watson-S E Marsh-R T Ponting-C L White-M E K Hussey-M C Henriques-M G Johnson-G A Manou-N M Hauritz-P M Siddle-D E Bollinger
2015,B Kumar-M M Sharma-Harbhajan Singh-A Mishra-A R Patel-S K Raina-R G Sharma-S Dhawan-V Kohli-M S Dhoni-A M Rahane,-18,Home,SA,Q de Kock-D A Miller-H M Amla-F du Plessis-A B de Villiers-J-P Duminy-F Behardien-D W Steyn-K Rabada-Imran Tahir-M Morkel
2009,P Kumar-A Nehra-I Sharma-Harbhajan Singh-R A Jadeja-S K Raina-V Sehwag-S R Tendulkar-G Gambhir-V Kohli-M S Dhoni,-4,Home,AUS,S R Watson-T D Paine-R T Ponting-C L White-M E K Hussey-A C Voges-J R Hopes-M G Johnson-B Lee-N M Hauritz-P M Siddle
2011,A M Rahane-G Gambhir-V Kohli-M K Tiwary-S K Raina-M S Dhoni-R A Jadeja-R Ashwin-P Kumar-R Vinay Kumar-V R Aaron,95,Home,ENG,T T Bresnan-S T Finn-S C Meaker-S R Patel-G P Swann-R S Bopara-C Kieswetter-A N Cook-I J L Trott-I R Bell-J M Bairstow
2008,V Sehwag-S R Tendulkar-G Gambhir-Yuvraj Singh-M S Dhoni-Y K Pathan-S K Raina-Harbhajan Singh-Zaheer Khan-I Sharma-M M Patel,19,Home,ENG,J M Anderson-S C J Broad-A Flintoff-S R Patel-G P Swann-K P Pietersen-R S Bopara-I R Bell-O A Shah-P D Collingwood-M J Prior
2007,Zaheer Khan-S Sreesanth-I K Pathan-Harbhajan Singh-M Kartik-Yuvraj Singh-S R Tendulkar-S C Ganguly-R Dravid-M S Dhoni-R V Uthappa,-18,Home,AUS,A C Gilchrist-M J Clarke-R T Ponting-B J Hodge-A Symonds-B J Haddin-J R Hopes-B Lee-M G Johnson-G B Hogg-N W Bracken
2014,A M Rahane-S Dhawan-S K Raina-V Kohli-A T Rayudu-W P Saha-A R Patel-R Ashwin-U T Yadav-V R Aaron-I Sharma,169,Home,SL,K T G Prasad-P L S Gamage-A D Mathews-N L T Perera-S Randiv-S Prasanna-T M Dilshan-S M A Priyanjan-W U Tharanga-K C Sangakkara-D P M Jayawardene
2009,P Kumar-A Nehra-M M Patel-R A Jadeja-Harbhajan Singh-Yuvraj Singh-V Sehwag-S R Tendulkar-G Gambhir-M S Dhoni-S K Raina,-3,Home,AUS,S R Watson-S E Marsh-R T Ponting-C L White-M E K Hussey-A C Voges-G A Manou-N M Hauritz-D E Bollinger-B W Hilfenhaus-C J McKay
2009,V Sehwag-S R Tendulkar-K K D Karthik-M S Dhoni-V Kohli-S K Raina-Y K Pathan-R A Jadeja-P Kumar-A Nehra-S Sreesanth,1,Home,SA,D W Steyn-W D Parnell-C K Langeveldt-J A Morkel-J Botha-J H Kallis-L L Bosman-H H Gibbs-A B de Villiers-A N Petersen-M V Boucher
2011,G Gambhir-V Sehwag-S K Raina-R A Jadeja-R G Sharma-V Kohli-P A Patel-R Ashwin-R Vinay Kumar-A Mithun-R Sharma,153,Home,WI,K A J Roach-R Rampaul-A D Russell-S P Narine-D J G Sammy-K A Pollard-M N Samuels-L M P Simmons-K O A Powell-D P Hyatt-D Ramdin
2007,P Kumar-S Sreesanth-I K Pathan-M Kartik-V Sehwag-Yuvraj Singh-G Gambhir-S R Tendulkar-R V Uthappa-R G Sharma-M S Dhoni,-31,Home,PAK,Salman Butt-Imran Nazir-Yasir Hameed-Mohammad Yousuf-Shoaib Malik-Misbah-ul-Haq-Fawad Alam-Sohail Tanvir-Sarfraz Ahmed-Umar Gul-Iftikhar Anjum
2009,V Sehwag-S R Tendulkar-M S Dhoni-S K Raina-G Gambhir-Harbhajan Singh-V Kohli-R A Jadeja-P Kumar-Zaheer Khan-A Nehra,3,Home,SL,K M D Kulasekara-U W M Welegedara-C R D Fernando-A D Mathews-S T Jayasuriya-S H T Kandamby-T M Dilshan-W U Tharanga-K C Sangakkara-D P M Jayawardene-T T Samaraweera
